Location,Company Age,Entity ID
Offshore,2,ENT-5001
TX,3,ENT-5002
IL,3,ENT-5003
Offshore,3,ENT-5004
Offshore,2,ENT-5005
CA,4,ENT-5006
FL,3,ENT-5007
CA,0,ENT-5008
IL,0,ENT-5009
CA,2,ENT-5010
Remote,4,ENT-5011
TX,3,ENT-5012
Offshore,4,ENT-5013
CA,1,ENT-5014
TX,4,ENT-5015
FL,4,ENT-5016
CA,1,ENT-5017
Remote,4,ENT-5018
IL,3,ENT-5019
IL,5,ENT-5020
Offshore,1,ENT-5021
FL,2,ENT-5022
TX,5,ENT-5023
NY,5,ENT-5024
CA,3,ENT-5025
FL,19,ENT-5026
FL,9,ENT-5027
IL,7,ENT-5028
Remote,12,ENT-5029
Remote,12,ENT-5030
Offshore,15,ENT-5031
TX,9,ENT-5032
FL,17,ENT-5033
IL,9,ENT-5034
IL,13,ENT-5035
Remote,7,ENT-5036
Remote,13,ENT-5037
CA,13,ENT-5038
FL,13,ENT-5039
TX,9,ENT-5040
IL,12,ENT-5041
Offshore,18,ENT-5042
Offshore,9,ENT-5043
TX,20,ENT-5044
FL,8,ENT-5045
FL,13,ENT-5046
IL,17,ENT-5047
FL,19,ENT-5048
CA,16,ENT-5049
Remote,18,ENT-5050
CA,34,ENT-5051
CA,36,ENT-5052
Remote,36,ENT-5053
IL,16,ENT-5054
Offshore,32,ENT-5055
NY,16,ENT-5056
IL,15,ENT-5057
FL,26,ENT-5058
IL,50,ENT-5059
Remote,15,ENT-5060
Remote,19,ENT-5061
IL,40,ENT-5062
TX,26,ENT-5063
FL,25,ENT-5064
Offshore,45,ENT-5065
NY,39,ENT-5066
NY,50,ENT-5067
TX,23,ENT-5068
Offshore,17,ENT-5069
NY,21,ENT-5070
Remote,36,ENT-5071
NY,19,ENT-5072
Offshore,27,ENT-5073
CA,21,ENT-5074
CA,34,ENT-5075
TX,18,ENT-5076
FL,10,ENT-5077
CA,19,ENT-5078
FL,13,ENT-5079
TX,18,ENT-5080
CA,10,ENT-5081
Offshore,6,ENT-5082
Remote,4,ENT-5083
Remote,8,ENT-5084
CA,3,ENT-5085
TX,9,ENT-5086
Remote,6,ENT-5087
CA,10,ENT-5088
TX,6,ENT-5089
TX,20,ENT-5090
Offshore,16,ENT-5091
NY,17,ENT-5092
CA,13,ENT-5093
IL,20,ENT-5094
IL,4,ENT-5095
Offshore,10,ENT-5096
IL,13,ENT-5097
TX,12,ENT-5098
Offshore,4,ENT-5099
FL,10,ENT-5100
NY,10,ENT-5101
CA,8,ENT-5102